<annotation>
	<folder>my-project-name</folder>
	<filename>IMG_3600.jpeg</filename>
	<path>/my-project-name/IMG_3600.jpeg</path>
	<source>
		<database>Unspecified</database>
	</source>
	<size>
		<width>4032</width>
		<height>3024</height>
		<depth>3</depth>
	</size>

	<object>
		<name>dead_victim</name>
		<pose>Unspecified</pose>
		<truncated>0</truncated>
		<difficult>0</difficult>
		<bndbox>
			<xmin>1</xmin>
			<ymin>2305</ymin>
			<xmax>2034</xmax>
			<ymax>3024</ymax>
		</bndbox>
	</object>
	<object>
		<name>alive_victim</name>
		<pose>Unspecified</pose>
		<truncated>0</truncated>
		<difficult>0</difficult>
		<bndbox>
			<xmin>2078</xmin>
			<ymin>1086</ymin>
			<xmax>2691</xmax>
			<ymax>1687</ymax>
		</bndbox>
	</object>
	<object>
		<name>alive_victim</name>
		<pose>Unspecified</pose>
		<truncated>0</truncated>
		<difficult>0</difficult>
		<bndbox>
			<xmin>2072</xmin>
			<ymin>988</ymin>
			<xmax>2401</xmax>
			<ymax>1263</ymax>
		</bndbox>
	</object>
</annotation>