<annotation>
	<folder>my-project-name</folder>
	<filename>IMG_3668.jpeg</filename>
	<path>/my-project-name/IMG_3668.jpeg</path>
	<source>
		<database>Unspecified</database>
	</source>
	<size>
		<width>4032</width>
		<height>3024</height>
		<depth>3</depth>
	</size>

	<object>
		<name>dead_victim</name>
		<pose>Unspecified</pose>
		<truncated>0</truncated>
		<difficult>0</difficult>
		<bndbox>
			<xmin>1408</xmin>
			<ymin>1423</ymin>
			<xmax>1742</xmax>
			<ymax>1739</ymax>
		</bndbox>
	</object>
	<object>
		<name>alive_victim</name>
		<pose>Unspecified</pose>
		<truncated>0</truncated>
		<difficult>0</difficult>
		<bndbox>
			<xmin>2981</xmin>
			<ymin>1567</ymin>
			<xmax>3866</xmax>
			<ymax>2363</ymax>
		</bndbox>
	</object>
</annotation>