<annotation>
	<folder>my-project-name</folder>
	<filename>IMG_3587.jpeg</filename>
	<path>/my-project-name/IMG_3587.jpeg</path>
	<source>
		<database>Unspecified</database>
	</source>
	<size>
		<width>4032</width>
		<height>3024</height>
		<depth>3</depth>
	</size>
	<object>
		<name>dead_victim</name>
		<pose>Unspecified</pose>
		<truncated>0</truncated>
		<difficult>0</difficult>
		<bndbox>
			<xmin>1152</xmin>
			<ymin>1293</ymin>
			<xmax>2276</xmax>
			<ymax>2420</ymax>
		</bndbox>
	</object>
	<object>
		<name>alive_victim</name>
		<pose>Unspecified</pose>
		<truncated>0</truncated>
		<difficult>0</difficult>
		<bndbox>
			<xmin>267</xmin>
			<ymin>932</ymin>
			<xmax>1480</xmax>
			<ymax>2122</ymax>
		</bndbox>
	</object>
	<object>
		<name>alive_victim</name>
		<pose>Unspecified</pose>
		<truncated>0</truncated>
		<difficult>0</difficult>
		<bndbox>
			<xmin>2809</xmin>
			<ymin>775</ymin>
			<xmax>3498</xmax>
			<ymax>1465</ymax>
		</bndbox>
	</object>
</annotation>