<annotation>
	<folder>my-project-name</folder>
	<filename>IMG_3602.jpeg</filename>
	<path>/my-project-name/IMG_3602.jpeg</path>
	<source>
		<database>Unspecified</database>
	</source>
	<size>
		<width>4032</width>
		<height>3024</height>
		<depth>3</depth>
	</size>





	<object>
		<name>dead_victim</name>
		<pose>Unspecified</pose>
		<truncated>0</truncated>
		<difficult>0</difficult>
		<bndbox>
			<xmin>2700</xmin>
			<ymin>1314</ymin>
			<xmax>3575</xmax>
			<ymax>2133</ymax>
		</bndbox>
	</object>
	<object>
		<name>alive_victim</name>
		<pose>Unspecified</pose>
		<truncated>0</truncated>
		<difficult>0</difficult>
		<bndbox>
			<xmin>747</xmin>
			<ymin>1065</ymin>
			<xmax>1578</xmax>
			<ymax>1873</ymax>
		</bndbox>
	</object>
	<object>
		<name>alive_victim</name>
		<pose>Unspecified</pose>
		<truncated>0</truncated>
		<difficult>0</difficult>
		<bndbox>
			<xmin>693</xmin>
			<ymin>956</ymin>
			<xmax>1093</xmax>
			<ymax>1320</ymax>
		</bndbox>
	</object>
</annotation>