<annotation>
	<folder>my-project-name</folder>
	<filename>IMG_3661.jpeg</filename>
	<path>/my-project-name/IMG_3661.jpeg</path>
	<source>
		<database>Unspecified</database>
	</source>
	<size>
		<width>4032</width>
		<height>3024</height>
		<depth>3</depth>
	</size>
	<object>
		<name>alive_victim</name>
		<pose>Unspecified</pose>
		<truncated>0</truncated>
		<difficult>0</difficult>
		<bndbox>
			<xmin>2419</xmin>
			<ymin>1570</ymin>
			<xmax>4032</xmax>
			<ymax>3024</ymax>
		</bndbox>
	</object>
	<object>
		<name>dead_victim</name>
		<pose>Unspecified</pose>
		<truncated>0</truncated>
		<difficult>0</difficult>
		<bndbox>
			<xmin>1635</xmin>
			<ymin>1192</ymin>
			<xmax>2025</xmax>
			<ymax>1558</ymax>
		</bndbox>
	</object>
</annotation>