<annotation>
	<folder>my-project-name</folder>
	<filename>IMG_3674.jpeg</filename>
	<path>/my-project-name/IMG_3674.jpeg</path>
	<source>
		<database>Unspecified</database>
	</source>
	<size>
		<width>4032</width>
		<height>3024</height>
		<depth>3</depth>
	</size>

	<object>
		<name>dead_victim</name>
		<pose>Unspecified</pose>
		<truncated>0</truncated>
		<difficult>0</difficult>
		<bndbox>
			<xmin>1125</xmin>
			<ymin>1703</ymin>
			<xmax>2434</xmax>
			<ymax>3024</ymax>
		</bndbox>
	</object>
	<object>
		<name>dead_victim</name>
		<pose>Unspecified</pose>
		<truncated>0</truncated>
		<difficult>0</difficult>
		<bndbox>
			<xmin>1509</xmin>
			<ymin>1389</ymin>
			<xmax>2286</xmax>
			<ymax>1933</ymax>
		</bndbox>
	</object>
</annotation>