<annotation>
	<folder>my-project-name</folder>
	<filename>IMG_3675.jpeg</filename>
	<path>/my-project-name/IMG_3675.jpeg</path>
	<source>
		<database>Unspecified</database>
	</source>
	<size>
		<width>4032</width>
		<height>3024</height>
		<depth>3</depth>
	</size>
	<object>
		<name>dead_victim</name>
		<pose>Unspecified</pose>
		<truncated>0</truncated>
		<difficult>0</difficult>
		<bndbox>
			<xmin>1974</xmin>
			<ymin>1762</ymin>
			<xmax>3210</xmax>
			<ymax>3015</ymax>
		</bndbox>
	</object>

	<object>
		<name>dead_victim</name>
		<pose>Unspecified</pose>
		<truncated>0</truncated>
		<difficult>0</difficult>
		<bndbox>
			<xmin>153</xmin>
			<ymin>1609</ymin>
			<xmax>1378</xmax>
			<ymax>2751</ymax>
		</bndbox>
	</object>
</annotation>