<annotation>
	<folder>my-project-name</folder>
	<filename>IMG_3658.jpeg</filename>
	<path>/my-project-name/IMG_3658.jpeg</path>
	<source>
		<database>Unspecified</database>
	</source>
	<size>
		<width>4032</width>
		<height>3024</height>
		<depth>3</depth>
	</size>

	<object>
		<name>dead_victim</name>
		<pose>Unspecified</pose>
		<truncated>0</truncated>
		<difficult>0</difficult>
		<bndbox>
			<xmin>1294</xmin>
			<ymin>1389</ymin>
			<xmax>1558</xmax>
			<ymax>1647</ymax>
		</bndbox>
	</object>
	<object>
		<name>alive_victim</name>
		<pose>Unspecified</pose>
		<truncated>0</truncated>
		<difficult>0</difficult>
		<bndbox>
			<xmin>1736</xmin>
			<ymin>1469</ymin>
			<xmax>2339</xmax>
			<ymax>2081</ymax>
		</bndbox>
	</object>
</annotation>