<annotation>
	<folder>my-project-name</folder>
	<filename>IMG_3657.jpeg</filename>
	<path>/my-project-name/IMG_3657.jpeg</path>
	<source>
		<database>Unspecified</database>
	</source>
	<size>
		<width>4032</width>
		<height>3024</height>
		<depth>3</depth>
	</size>

	<object>
		<name>alive_victim</name>
		<pose>Unspecified</pose>
		<truncated>0</truncated>
		<difficult>0</difficult>
		<bndbox>
			<xmin>1499</xmin>
			<ymin>1807</ymin>
			<xmax>2648</xmax>
			<ymax>3024</ymax>
		</bndbox>
	</object>
	<object>
		<name>alive_victim</name>
		<pose>Unspecified</pose>
		<truncated>0</truncated>
		<difficult>0</difficult>
		<bndbox>
			<xmin>2518</xmin>
			<ymin>1634</ymin>
			<xmax>2990</xmax>
			<ymax>2106</ymax>
		</bndbox>
	</object>
	<object>
		<name>dead_victim</name>
		<pose>Unspecified</pose>
		<truncated>0</truncated>
		<difficult>0</difficult>
		<bndbox>
			<xmin>1361</xmin>
			<ymin>1518</ymin>
			<xmax>1613</xmax>
			<ymax>1761</ymax>
		</bndbox>
	</object>
</annotation>