<annotation>
	<folder>my-project-name</folder>
	<filename>IMG_3585.jpeg</filename>
	<path>/my-project-name/IMG_3585.jpeg</path>
	<source>
		<database>Unspecified</database>
	</source>
	<size>
		<width>4032</width>
		<height>3024</height>
		<depth>3</depth>
	</size>
	<object>
		<name>alive_victim</name>
		<pose>Unspecified</pose>
		<truncated>0</truncated>
		<difficult>0</difficult>
		<bndbox>
			<xmin>1693</xmin>
			<ymin>944</ymin>
			<xmax>3306</xmax>
			<ymax>2542</ymax>
		</bndbox>
	</object>
	<object>
		<name>dead_victim</name>
		<pose>Unspecified</pose>
		<truncated>0</truncated>
		<difficult>0</difficult>
		<bndbox>
			<xmin>1383</xmin>
			<ymin>1086</ymin>
			<xmax>2001</xmax>
			<ymax>1977</ymax>
		</bndbox>
	</object>
</annotation>