<annotation>
	<folder>my-project-name</folder>
	<filename>IMG_3591.jpeg</filename>
	<path>/my-project-name/IMG_3591.jpeg</path>
	<source>
		<database>Unspecified</database>
	</source>
	<size>
		<width>4032</width>
		<height>3024</height>
		<depth>3</depth>
	</size>




	<object>
		<name>dead_victim</name>
		<pose>Unspecified</pose>
		<truncated>0</truncated>
		<difficult>0</difficult>
		<bndbox>
			<xmin>1056</xmin>
			<ymin>1580</ymin>
			<xmax>2013</xmax>
			<ymax>2523</ymax>
		</bndbox>
	</object>
	<object>
		<name>dead_victim</name>
		<pose>Unspecified</pose>
		<truncated>0</truncated>
		<difficult>0</difficult>
		<bndbox>
			<xmin>3282</xmin>
			<ymin>1358</ymin>
			<xmax>3889</xmax>
			<ymax>1911</ymax>
		</bndbox>
	</object>
	<object>
		<name>alive_victim</name>
		<pose>Unspecified</pose>
		<truncated>0</truncated>
		<difficult>0</difficult>
		<bndbox>
			<xmin>1673</xmin>
			<ymin>1127</ymin>
			<xmax>2052</xmax>
			<ymax>1545</ymax>
		</bndbox>
	</object>
	<object>
		<name>alive_victim</name>
		<pose>Unspecified</pose>
		<truncated>0</truncated>
		<difficult>0</difficult>
		<bndbox>
			<xmin>915</xmin>
			<ymin>1080</ymin>
			<xmax>1223</xmax>
			<ymax>1397</ymax>
		</bndbox>
	</object>
</annotation>