<annotation>
	<folder>my-project-name</folder>
	<filename>IMG_3616.jpeg</filename>
	<path>/my-project-name/IMG_3616.jpeg</path>
	<source>
		<database>Unspecified</database>
	</source>
	<size>
		<width>4032</width>
		<height>3024</height>
		<depth>3</depth>
	</size>

	<object>
		<name>alive_victim</name>
		<pose>Unspecified</pose>
		<truncated>0</truncated>
		<difficult>0</difficult>
		<bndbox>
			<xmin>1741</xmin>
			<ymin>1089</ymin>
			<xmax>2220</xmax>
			<ymax>1595</ymax>
		</bndbox>
	</object>
	<object>
		<name>alive_victim</name>
		<pose>Unspecified</pose>
		<truncated>0</truncated>
		<difficult>0</difficult>
		<bndbox>
			<xmin>3626</xmin>
			<ymin>1107</ymin>
			<xmax>4032</xmax>
			<ymax>1888</ymax>
		</bndbox>
	</object>
	<object>
		<name>dead_victim</name>
		<pose>Unspecified</pose>
		<truncated>0</truncated>
		<difficult>0</difficult>
		<bndbox>
			<xmin>2217</xmin>
			<ymin>1479</ymin>
			<xmax>3217</xmax>
			<ymax>2485</ymax>
		</bndbox>
	</object>
	<object>
		<name>dead_victim</name>
		<pose>Unspecified</pose>
		<truncated>0</truncated>
		<difficult>0</difficult>
		<bndbox>
			<xmin>599</xmin>
			<ymin>1207</ymin>
			<xmax>1028</xmax>
			<ymax>1610</ymax>
		</bndbox>
	</object>
</annotation>