<annotation>
	<folder>my-project-name</folder>
	<filename>IMG_3620.jpeg</filename>
	<path>/my-project-name/IMG_3620.jpeg</path>
	<source>
		<database>Unspecified</database>
	</source>
	<size>
		<width>4032</width>
		<height>3024</height>
		<depth>3</depth>
	</size>

	<object>
		<name>dead_victim</name>
		<pose>Unspecified</pose>
		<truncated>0</truncated>
		<difficult>0</difficult>
		<bndbox>
			<xmin>1761</xmin>
			<ymin>1032</ymin>
			<xmax>2942</xmax>
			<ymax>2213</ymax>
		</bndbox>
	</object>
	<object>
		<name>alive_victim</name>
		<pose>Unspecified</pose>
		<truncated>0</truncated>
		<difficult>0</difficult>
		<bndbox>
			<xmin>2486</xmin>
			<ymin>522</ymin>
			<xmax>3181</xmax>
			<ymax>1195</ymax>
		</bndbox>
	</object>
	<object>
		<name>dead_victim</name>
		<pose>Unspecified</pose>
		<truncated>0</truncated>
		<difficult>0</difficult>
		<bndbox>
			<xmin>1478</xmin>
			<ymin>559</ymin>
			<xmax>1804</xmax>
			<ymax>885</ymax>
		</bndbox>
	</object>
</annotation>