<annotation>
	<folder>my-project-name</folder>
	<filename>IMG_3659.jpeg</filename>
	<path>/my-project-name/IMG_3659.jpeg</path>
	<source>
		<database>Unspecified</database>
	</source>
	<size>
		<width>4032</width>
		<height>3024</height>
		<depth>3</depth>
	</size>

	<object>
		<name>dead_victim</name>
		<pose>Unspecified</pose>
		<truncated>0</truncated>
		<difficult>0</difficult>
		<bndbox>
			<xmin>3</xmin>
			<ymin>2281</ymin>
			<xmax>634</xmax>
			<ymax>3024</ymax>
		</bndbox>
	</object>
	<object>
		<name>alive_victim</name>
		<pose>Unspecified</pose>
		<truncated>0</truncated>
		<difficult>0</difficult>
		<bndbox>
			<xmin>1727</xmin>
			<ymin>1552</ymin>
			<xmax>2068</xmax>
			<ymax>1887</ymax>
		</bndbox>
	</object>
	<object>
		<name>alive_victim</name>
		<pose>Unspecified</pose>
		<truncated>0</truncated>
		<difficult>0</difficult>
		<bndbox>
			<xmin>3113</xmin>
			<ymin>1613</ymin>
			<xmax>3457</xmax>
			<ymax>1918</ymax>
		</bndbox>
	</object>
	<object>
		<name>dead_victim</name>
		<pose>Unspecified</pose>
		<truncated>0</truncated>
		<difficult>0</difficult>
		<bndbox>
			<xmin>3052</xmin>
			<ymin>1604</ymin>
			<xmax>3211</xmax>
			<ymax>1761</ymax>
		</bndbox>
	</object>
</annotation>