<annotation>
	<folder>my-project-name</folder>
	<filename>IMG_3636.jpeg</filename>
	<path>/my-project-name/IMG_3636.jpeg</path>
	<source>
		<database>Unspecified</database>
	</source>
	<size>
		<width>4032</width>
		<height>3024</height>
		<depth>3</depth>
	</size>

	<object>
		<name>alive_victim</name>
		<pose>Unspecified</pose>
		<truncated>0</truncated>
		<difficult>0</difficult>
		<bndbox>
			<xmin>1997</xmin>
			<ymin>702</ymin>
			<xmax>2523</xmax>
			<ymax>1239</ymax>
		</bndbox>
	</object>
	<object>
		<name>dead_victim</name>
		<pose>Unspecified</pose>
		<truncated>0</truncated>
		<difficult>0</difficult>
		<bndbox>
			<xmin>2303</xmin>
			<ymin>940</ymin>
			<xmax>2904</xmax>
			<ymax>1536</ymax>
		</bndbox>
	</object>
	<object>
		<name>dead_victim</name>
		<pose>Unspecified</pose>
		<truncated>0</truncated>
		<difficult>0</difficult>
		<bndbox>
			<xmin>412</xmin>
			<ymin>1386</ymin>
			<xmax>1669</xmax>
			<ymax>2609</ymax>
		</bndbox>
	</object>
</annotation>