<annotation>
	<folder>my-project-name</folder>
	<filename>IMG_3592.jpeg</filename>
	<path>/my-project-name/IMG_3592.jpeg</path>
	<source>
		<database>Unspecified</database>
	</source>
	<size>
		<width>4032</width>
		<height>3024</height>
		<depth>3</depth>
	</size>




	<object>
		<name>dead_victim</name>
		<pose>Unspecified</pose>
		<truncated>0</truncated>
		<difficult>0</difficult>
		<bndbox>
			<xmin>1622</xmin>
			<ymin>1667</ymin>
			<xmax>2309</xmax>
			<ymax>2403</ymax>
		</bndbox>
	</object>
</annotation>