<annotation>
	<folder>my-project-name</folder>
	<filename>IMG_3612.jpeg</filename>
	<path>/my-project-name/IMG_3612.jpeg</path>
	<source>
		<database>Unspecified</database>
	</source>
	<size>
		<width>4032</width>
		<height>3024</height>
		<depth>3</depth>
	</size>
	<object>
		<name>alive_victim</name>
		<pose>Unspecified</pose>
		<truncated>0</truncated>
		<difficult>0</difficult>
		<bndbox>
			<xmin>1362</xmin>
			<ymin>420</ymin>
			<xmax>1889</xmax>
			<ymax>950</ymax>
		</bndbox>
	</object>
	<object>
		<name>dead_victim</name>
		<pose>Unspecified</pose>
		<truncated>0</truncated>
		<difficult>0</difficult>
		<bndbox>
			<xmin>0</xmin>
			<ymin>1456</ymin>
			<xmax>2102</xmax>
			<ymax>3024</ymax>
		</bndbox>
	</object>
</annotation>