<annotation>
	<folder>my-project-name</folder>
	<filename>IMG_3662.jpeg</filename>
	<path>/my-project-name/IMG_3662.jpeg</path>
	<source>
		<database>Unspecified</database>
	</source>
	<size>
		<width>4032</width>
		<height>3024</height>
		<depth>3</depth>
	</size>
	<object>
		<name>dead_victim</name>
		<pose>Unspecified</pose>
		<truncated>0</truncated>
		<difficult>0</difficult>
		<bndbox>
			<xmin>927</xmin>
			<ymin>2171</ymin>
			<xmax>2543</xmax>
			<ymax>3023</ymax>
		</bndbox>
	</object>
</annotation>