<annotation>
	<folder>my-project-name</folder>
	<filename>IMG_3610.jpeg</filename>
	<path>/my-project-name/IMG_3610.jpeg</path>
	<source>
		<database>Unspecified</database>
	</source>
	<size>
		<width>4032</width>
		<height>3024</height>
		<depth>3</depth>
	</size>

	<object>
		<name>alive_victim</name>
		<pose>Unspecified</pose>
		<truncated>0</truncated>
		<difficult>0</difficult>
		<bndbox>
			<xmin>1433</xmin>
			<ymin>1169</ymin>
			<xmax>2827</xmax>
			<ymax>2580</ymax>
		</bndbox>
	</object>
	<object>
		<name>alive_victim</name>
		<pose>Unspecified</pose>
		<truncated>0</truncated>
		<difficult>0</difficult>
		<bndbox>
			<xmin>927</xmin>
			<ymin>846</ymin>
			<xmax>1182</xmax>
			<ymax>1104</ymax>
		</bndbox>
	</object>
	<object>
		<name>dead_victim</name>
		<pose>Unspecified</pose>
		<truncated>0</truncated>
		<difficult>0</difficult>
		<bndbox>
			<xmin>7</xmin>
			<ymin>1030</ymin>
			<xmax>395</xmax>
			<ymax>1397</ymax>
		</bndbox>
	</object>
	<object>
		<name>dead_victim</name>
		<pose>Unspecified</pose>
		<truncated>0</truncated>
		<difficult>0</difficult>
		<bndbox>
			<xmin>3472</xmin>
			<ymin>988</ymin>
			<xmax>3806</xmax>
			<ymax>1314</ymax>
		</bndbox>
	</object>
</annotation>