<annotation>
	<folder>my-project-name</folder>
	<filename>IMG_3623.jpeg</filename>
	<path>/my-project-name/IMG_3623.jpeg</path>
	<source>
		<database>Unspecified</database>
	</source>
	<size>
		<width>4032</width>
		<height>3024</height>
		<depth>3</depth>
	</size>



	<object>
		<name>dead_victim</name>
		<pose>Unspecified</pose>
		<truncated>0</truncated>
		<difficult>0</difficult>
		<bndbox>
			<xmin>2531</xmin>
			<ymin>1119</ymin>
			<xmax>3607</xmax>
			<ymax>2149</ymax>
		</bndbox>
	</object>
	<object>
		<name>alive_victim</name>
		<pose>Unspecified</pose>
		<truncated>0</truncated>
		<difficult>0</difficult>
		<bndbox>
			<xmin>3314</xmin>
			<ymin>718</ymin>
			<xmax>4024</xmax>
			<ymax>1360</ymax>
		</bndbox>
	</object>
	<object>
		<name>dead_victim</name>
		<pose>Unspecified</pose>
		<truncated>0</truncated>
		<difficult>0</difficult>
		<bndbox>
			<xmin>2351</xmin>
			<ymin>722</ymin>
			<xmax>2649</xmax>
			<ymax>1014</ymax>
		</bndbox>
	</object>
	<object>
		<name>alive_victim</name>
		<pose>Unspecified</pose>
		<truncated>0</truncated>
		<difficult>0</difficult>
		<bndbox>
			<xmin>403</xmin>
			<ymin>602</ymin>
			<xmax>778</xmax>
			<ymax>983</ymax>
		</bndbox>
	</object>
</annotation>