<annotation>
	<folder>my-project-name</folder>
	<filename>IMG_3613.jpeg</filename>
	<path>/my-project-name/IMG_3613.jpeg</path>
	<source>
		<database>Unspecified</database>
	</source>
	<size>
		<width>4032</width>
		<height>3024</height>
		<depth>3</depth>
	</size>


	<object>
		<name>dead_victim</name>
		<pose>Unspecified</pose>
		<truncated>0</truncated>
		<difficult>0</difficult>
		<bndbox>
			<xmin>300</xmin>
			<ymin>864</ymin>
			<xmax>809</xmax>
			<ymax>1323</ymax>
		</bndbox>
	</object>
	<object>
		<name>dead_victim</name>
		<pose>Unspecified</pose>
		<truncated>0</truncated>
		<difficult>0</difficult>
		<bndbox>
			<xmin>2874</xmin>
			<ymin>701</ymin>
			<xmax>3093</xmax>
			<ymax>929</ymax>
		</bndbox>
	</object>
	<object>
		<name>alive_victim</name>
		<pose>Unspecified</pose>
		<truncated>0</truncated>
		<difficult>0</difficult>
		<bndbox>
			<xmin>45</xmin>
			<ymin>627</ymin>
			<xmax>403</xmax>
			<ymax>953</ymax>
		</bndbox>
	</object>
</annotation>