<annotation>
	<folder>my-project-name</folder>
	<filename>IMG_3646.jpeg</filename>
	<path>/my-project-name/IMG_3646.jpeg</path>
	<source>
		<database>Unspecified</database>
	</source>
	<size>
		<width>4032</width>
		<height>3024</height>
		<depth>3</depth>
	</size>

	<object>
		<name>dead_victim</name>
		<pose>Unspecified</pose>
		<truncated>0</truncated>
		<difficult>0</difficult>
		<bndbox>
			<xmin>3844</xmin>
			<ymin>1281</ymin>
			<xmax>4029</xmax>
			<ymax>1704</ymax>
		</bndbox>
	</object>
	<object>
		<name>dead_victim</name>
		<pose>Unspecified</pose>
		<truncated>0</truncated>
		<difficult>0</difficult>
		<bndbox>
			<xmin>833</xmin>
			<ymin>1008</ymin>
			<xmax>1051</xmax>
			<ymax>1229</ymax>
		</bndbox>
	</object>
	<object>
		<name>alive_victim</name>
		<pose>Unspecified</pose>
		<truncated>0</truncated>
		<difficult>0</difficult>
		<bndbox>
			<xmin>2096</xmin>
			<ymin>990</ymin>
			<xmax>2366</xmax>
			<ymax>1217</ymax>
		</bndbox>
	</object>
	<object>
		<name>alive_victim</name>
		<pose>Unspecified</pose>
		<truncated>0</truncated>
		<difficult>0</difficult>
		<bndbox>
			<xmin>1915</xmin>
			<ymin>1180</ymin>
			<xmax>2618</xmax>
			<ymax>1887</ymax>
		</bndbox>
	</object>
</annotation>