<annotation>
	<folder>my-project-name</folder>
	<filename>IMG_3653.jpeg</filename>
	<path>/my-project-name/IMG_3653.jpeg</path>
	<source>
		<database>Unspecified</database>
	</source>
	<size>
		<width>4032</width>
		<height>3024</height>
		<depth>3</depth>
	</size>
	<object>
		<name>alive_victim</name>
		<pose>Unspecified</pose>
		<truncated>0</truncated>
		<difficult>0</difficult>
		<bndbox>
			<xmin>1143</xmin>
			<ymin>870</ymin>
			<xmax>1629</xmax>
			<ymax>1361</ymax>
		</bndbox>
	</object>
	<object>
		<name>alive_victim</name>
		<pose>Unspecified</pose>
		<truncated>0</truncated>
		<difficult>0</difficult>
		<bndbox>
			<xmin>0</xmin>
			<ymin>808</ymin>
			<xmax>375</xmax>
			<ymax>1180</ymax>
		</bndbox>
	</object>
	<object>
		<name>dead_victim</name>
		<pose>Unspecified</pose>
		<truncated>0</truncated>
		<difficult>0</difficult>
		<bndbox>
			<xmin>2729</xmin>
			<ymin>885</ymin>
			<xmax>3018</xmax>
			<ymax>1171</ymax>
		</bndbox>
	</object>
</annotation>