<annotation>
	<folder>my-project-name</folder>
	<filename>IMG_3588.jpeg</filename>
	<path>/my-project-name/IMG_3588.jpeg</path>
	<source>
		<database>Unspecified</database>
	</source>
	<size>
		<width>4032</width>
		<height>3024</height>
		<depth>3</depth>
	</size>
	<object>
		<name>dead_victim</name>
		<pose>Unspecified</pose>
		<truncated>0</truncated>
		<difficult>0</difficult>
		<bndbox>
			<xmin>108</xmin>
			<ymin>1299</ymin>
			<xmax>986</xmax>
			<ymax>2107</ymax>
		</bndbox>
	</object>
	<object>
		<name>dead_victim</name>
		<pose>Unspecified</pose>
		<truncated>0</truncated>
		<difficult>0</difficult>
		<bndbox>
			<xmin>3268</xmin>
			<ymin>1187</ymin>
			<xmax>3954</xmax>
			<ymax>1796</ymax>
		</bndbox>
	</object>
	<object>
		<name>alive_victim</name>
		<pose>Unspecified</pose>
		<truncated>0</truncated>
		<difficult>0</difficult>
		<bndbox>
			<xmin>2853</xmin>
			<ymin>1006</ymin>
			<xmax>3495</xmax>
			<ymax>1633</ymax>
		</bndbox>
	</object>
</annotation>