<annotation>
	<folder>my-project-name</folder>
	<filename>IMG_3664.jpeg</filename>
	<path>/my-project-name/IMG_3664.jpeg</path>
	<source>
		<database>Unspecified</database>
	</source>
	<size>
		<width>4032</width>
		<height>3024</height>
		<depth>3</depth>
	</size>
	<object>
		<name>alive_victim</name>
		<pose>Unspecified</pose>
		<truncated>0</truncated>
		<difficult>0</difficult>
		<bndbox>
			<xmin>9</xmin>
			<ymin>1112</ymin>
			<xmax>846</xmax>
			<ymax>1942</ymax>
		</bndbox>
	</object>
	<object>
		<name>dead_victim</name>
		<pose>Unspecified</pose>
		<truncated>0</truncated>
		<difficult>0</difficult>
		<bndbox>
			<xmin>0</xmin>
			<ymin>993</ymin>
			<xmax>369</xmax>
			<ymax>1245</ymax>
		</bndbox>
	</object>
</annotation>