<annotation>
	<folder>my-project-name</folder>
	<filename>IMG_3671.jpeg</filename>
	<path>/my-project-name/IMG_3671.jpeg</path>
	<source>
		<database>Unspecified</database>
	</source>
	<size>
		<width>4032</width>
		<height>3024</height>
		<depth>3</depth>
	</size>
	<object>
		<name>alive_victim</name>
		<pose>Unspecified</pose>
		<truncated>0</truncated>
		<difficult>0</difficult>
		<bndbox>
			<xmin>1808</xmin>
			<ymin>1532</ymin>
			<xmax>3230</xmax>
			<ymax>2984</ymax>
		</bndbox>
	</object>
	<object>
		<name>alive_victim</name>
		<pose>Unspecified</pose>
		<truncated>0</truncated>
		<difficult>0</difficult>
		<bndbox>
			<xmin>240</xmin>
			<ymin>1423</ymin>
			<xmax>1669</xmax>
			<ymax>2766</ymax>
		</bndbox>
	</object>
</annotation>