<annotation>
	<folder>my-project-name</folder>
	<filename>IMG_3622.jpeg</filename>
	<path>/my-project-name/IMG_3622.jpeg</path>
	<source>
		<database>Unspecified</database>
	</source>
	<size>
		<width>4032</width>
		<height>3024</height>
		<depth>3</depth>
	</size>

	<object>
		<name>dead_victim</name>
		<pose>Unspecified</pose>
		<truncated>0</truncated>
		<difficult>0</difficult>
		<bndbox>
			<xmin>1766</xmin>
			<ymin>1089</ymin>
			<xmax>2950</xmax>
			<ymax>2233</ymax>
		</bndbox>
	</object>

	<object>
		<name>alive_victim</name>
		<pose>Unspecified</pose>
		<truncated>0</truncated>
		<difficult>0</difficult>
		<bndbox>
			<xmin>2476</xmin>
			<ymin>618</ymin>
			<xmax>3151</xmax>
			<ymax>1260</ymax>
		</bndbox>
	</object>
	<object>
		<name>dead_victim</name>
		<pose>Unspecified</pose>
		<truncated>0</truncated>
		<difficult>0</difficult>
		<bndbox>
			<xmin>1503</xmin>
			<ymin>630</ymin>
			<xmax>1816</xmax>
			<ymax>950</ymax>
		</bndbox>
	</object>
</annotation>