<annotation>
	<folder>my-project-name</folder>
	<filename>IMG_3647.jpeg</filename>
	<path>/my-project-name/IMG_3647.jpeg</path>
	<source>
		<database>Unspecified</database>
	</source>
	<size>
		<width>4032</width>
		<height>3024</height>
		<depth>3</depth>
	</size>



	<object>
		<name>alive_victim</name>
		<pose>Unspecified</pose>
		<truncated>0</truncated>
		<difficult>0</difficult>
		<bndbox>
			<xmin>2489</xmin>
			<ymin>1699</ymin>
			<xmax>3679</xmax>
			<ymax>2840</ymax>
		</bndbox>
	</object>
	<object>
		<name>dead_victim</name>
		<pose>Unspecified</pose>
		<truncated>0</truncated>
		<difficult>0</difficult>
		<bndbox>
			<xmin>950</xmin>
			<ymin>1463</ymin>
			<xmax>1337</xmax>
			<ymax>1838</ymax>
		</bndbox>
	</object>
</annotation>