<annotation>
	<folder>my-project-name</folder>
	<filename>IMG_3594.jpeg</filename>
	<path>/my-project-name/IMG_3594.jpeg</path>
	<source>
		<database>Unspecified</database>
	</source>
	<size>
		<width>4032</width>
		<height>3024</height>
		<depth>3</depth>
	</size>


	<object>
		<name>alive_victim</name>
		<pose>Unspecified</pose>
		<truncated>0</truncated>
		<difficult>0</difficult>
		<bndbox>
			<xmin>950</xmin>
			<ymin>893</ymin>
			<xmax>2136</xmax>
			<ymax>2104</ymax>
		</bndbox>
	</object>
</annotation>