<annotation>
	<folder>my-project-name</folder>
	<filename>IMG_3593.jpeg</filename>
	<path>/my-project-name/IMG_3593.jpeg</path>
	<source>
		<database>Unspecified</database>
	</source>
	<size>
		<width>4032</width>
		<height>3024</height>
		<depth>3</depth>
	</size>
	<object>
		<name>alive_victim</name>
		<pose>Unspecified</pose>
		<truncated>0</truncated>
		<difficult>0</difficult>
		<bndbox>
			<xmin>1220</xmin>
			<ymin>962</ymin>
			<xmax>3028</xmax>
			<ymax>2755</ymax>
		</bndbox>
	</object>
</annotation>