<annotation>
	<folder>my-project-name</folder>
	<filename>IMG_3633.jpeg</filename>
	<path>/my-project-name/IMG_3633.jpeg</path>
	<source>
		<database>Unspecified</database>
	</source>
	<size>
		<width>4032</width>
		<height>3024</height>
		<depth>3</depth>
	</size>

	<object>
		<name>alive_victim</name>
		<pose>Unspecified</pose>
		<truncated>0</truncated>
		<difficult>0</difficult>
		<bndbox>
			<xmin>2717</xmin>
			<ymin>1364</ymin>
			<xmax>3445</xmax>
			<ymax>2068</ymax>
		</bndbox>
	</object>
	<object>
		<name>alive_victim</name>
		<pose>Unspecified</pose>
		<truncated>0</truncated>
		<difficult>0</difficult>
		<bndbox>
			<xmin>1017</xmin>
			<ymin>1073</ymin>
			<xmax>1297</xmax>
			<ymax>1349</ymax>
		</bndbox>
	</object>
	<object>
		<name>dead_victim</name>
		<pose>Unspecified</pose>
		<truncated>0</truncated>
		<difficult>0</difficult>
		<bndbox>
			<xmin>1146</xmin>
			<ymin>1195</ymin>
			<xmax>1417</xmax>
			<ymax>1463</ymax>
		</bndbox>
	</object>
	<object>
		<name>dead_victim</name>
		<pose>Unspecified</pose>
		<truncated>0</truncated>
		<difficult>0</difficult>
		<bndbox>
			<xmin>489</xmin>
			<ymin>1334</ymin>
			<xmax>864</xmax>
			<ymax>1678</ymax>
		</bndbox>
	</object>
</annotation>