<annotation>
	<folder>my-project-name</folder>
	<filename>IMG_3621.jpeg</filename>
	<path>/my-project-name/IMG_3621.jpeg</path>
	<source>
		<database>Unspecified</database>
	</source>
	<size>
		<width>4032</width>
		<height>3024</height>
		<depth>3</depth>
	</size>


	<object>
		<name>dead_victim</name>
		<pose>Unspecified</pose>
		<truncated>0</truncated>
		<difficult>0</difficult>
		<bndbox>
			<xmin>1781</xmin>
			<ymin>1023</ymin>
			<xmax>2943</xmax>
			<ymax>2163</ymax>
		</bndbox>
	</object>
	<object>
		<name>alive_victim</name>
		<pose>Unspecified</pose>
		<truncated>0</truncated>
		<difficult>0</difficult>
		<bndbox>
			<xmin>2484</xmin>
			<ymin>535</ymin>
			<xmax>3160</xmax>
			<ymax>1187</ymax>
		</bndbox>
	</object>
	<object>
		<name>dead_victim</name>
		<pose>Unspecified</pose>
		<truncated>0</truncated>
		<difficult>0</difficult>
		<bndbox>
			<xmin>1512</xmin>
			<ymin>565</ymin>
			<xmax>1822</xmax>
			<ymax>888</ymax>
		</bndbox>
	</object>
</annotation>