<annotation>
	<folder>my-project-name</folder>
	<filename>IMG_3589.jpeg</filename>
	<path>/my-project-name/IMG_3589.jpeg</path>
	<source>
		<database>Unspecified</database>
	</source>
	<size>
		<width>4032</width>
		<height>3024</height>
		<depth>3</depth>
	</size>



	<object>
		<name>dead_victim</name>
		<pose>Unspecified</pose>
		<truncated>0</truncated>
		<difficult>0</difficult>
		<bndbox>
			<xmin>1948</xmin>
			<ymin>1382</ymin>
			<xmax>2785</xmax>
			<ymax>2237</ymax>
		</bndbox>
	</object>
	<object>
		<name>dead_victim</name>
		<pose>Unspecified</pose>
		<truncated>0</truncated>
		<difficult>0</difficult>
		<bndbox>
			<xmin>1661</xmin>
			<ymin>1246</ymin>
			<xmax>2217</xmax>
			<ymax>1823</ymax>
		</bndbox>
	</object>
	<object>
		<name>alive_victim</name>
		<pose>Unspecified</pose>
		<truncated>0</truncated>
		<difficult>0</difficult>
		<bndbox>
			<xmin>1622</xmin>
			<ymin>1009</ymin>
			<xmax>2052</xmax>
			<ymax>1405</ymax>
		</bndbox>
	</object>
	<object>
		<name>alive_victim</name>
		<pose>Unspecified</pose>
		<truncated>0</truncated>
		<difficult>0</difficult>
		<bndbox>
			<xmin>634</xmin>
			<ymin>1077</ymin>
			<xmax>1365</xmax>
			<ymax>1769</ymax>
		</bndbox>
	</object>
</annotation>