<annotation>
	<folder>my-project-name</folder>
	<filename>IMG_3634.jpeg</filename>
	<path>/my-project-name/IMG_3634.jpeg</path>
	<source>
		<database>Unspecified</database>
	</source>
	<size>
		<width>4032</width>
		<height>3024</height>
		<depth>3</depth>
	</size>
	<object>
		<name>alive_victim</name>
		<pose>Unspecified</pose>
		<truncated>0</truncated>
		<difficult>0</difficult>
		<bndbox>
			<xmin>1277</xmin>
			<ymin>1189</ymin>
			<xmax>2393</xmax>
			<ymax>2308</ymax>
		</bndbox>
	</object>
	<object>
		<name>dead_victim</name>
		<pose>Unspecified</pose>
		<truncated>0</truncated>
		<difficult>0</difficult>
		<bndbox>
			<xmin>2787</xmin>
			<ymin>947</ymin>
			<xmax>3153</xmax>
			<ymax>1300</ymax>
		</bndbox>
	</object>
</annotation>