<annotation>
	<folder>my-project-name</folder>
	<filename>IMG_3645.jpeg</filename>
	<path>/my-project-name/IMG_3645.jpeg</path>
	<source>
		<database>Unspecified</database>
	</source>
	<size>
		<width>4032</width>
		<height>3024</height>
		<depth>3</depth>
	</size>

	<object>
		<name>dead_victim</name>
		<pose>Unspecified</pose>
		<truncated>0</truncated>
		<difficult>0</difficult>
		<bndbox>
			<xmin>469</xmin>
			<ymin>1420</ymin>
			<xmax>1385</xmax>
			<ymax>2329</ymax>
		</bndbox>
	</object>

	<object>
		<name>alive_victim</name>
		<pose>Unspecified</pose>
		<truncated>0</truncated>
		<difficult>0</difficult>
		<bndbox>
			<xmin>3377</xmin>
			<ymin>1091</ymin>
			<xmax>3986</xmax>
			<ymax>1644</ymax>
		</bndbox>
	</object>
</annotation>