<annotation>
	<folder>my-project-name</folder>
	<filename>IMG_3682.jpeg</filename>
	<path>/my-project-name/IMG_3682.jpeg</path>
	<source>
		<database>Unspecified</database>
	</source>
	<size>
		<width>4032</width>
		<height>3024</height>
		<depth>3</depth>
	</size>
	<object>
		<name>dead_victim</name>
		<pose>Unspecified</pose>
		<truncated>0</truncated>
		<difficult>0</difficult>
		<bndbox>
			<xmin>578</xmin>
			<ymin>1303</ymin>
			<xmax>1478</xmax>
			<ymax>2160</ymax>
		</bndbox>
	</object>
	<object>
		<name>dead_victim</name>
		<pose>Unspecified</pose>
		<truncated>0</truncated>
		<difficult>0</difficult>
		<bndbox>
			<xmin>1773</xmin>
			<ymin>1432</ymin>
			<xmax>2618</xmax>
			<ymax>2262</ymax>
		</bndbox>
	</object>
	<object>
		<name>alive_victim</name>
		<pose>Unspecified</pose>
		<truncated>0</truncated>
		<difficult>0</difficult>
		<bndbox>
			<xmin>2225</xmin>
			<ymin>624</ymin>
			<xmax>3196</xmax>
			<ymax>1570</ymax>
		</bndbox>
	</object>
</annotation>