<annotation>
	<folder>my-project-name</folder>
	<filename>IMG_3603.jpeg</filename>
	<path>/my-project-name/IMG_3603.jpeg</path>
	<source>
		<database>Unspecified</database>
	</source>
	<size>
		<width>4032</width>
		<height>3024</height>
		<depth>3</depth>
	</size>




	<object>
		<name>alive_victim</name>
		<pose>Unspecified</pose>
		<truncated>0</truncated>
		<difficult>0</difficult>
		<bndbox>
			<xmin>1537</xmin>
			<ymin>1151</ymin>
			<xmax>2217</xmax>
			<ymax>1846</ymax>
		</bndbox>
	</object>
	<object>
		<name>alive_victim</name>
		<pose>Unspecified</pose>
		<truncated>0</truncated>
		<difficult>0</difficult>
		<bndbox>
			<xmin>0</xmin>
			<ymin>1121</ymin>
			<xmax>288</xmax>
			<ymax>1642</ymax>
		</bndbox>
	</object>
	<object>
		<name>dead_victim</name>
		<pose>Unspecified</pose>
		<truncated>0</truncated>
		<difficult>0</difficult>
		<bndbox>
			<xmin>2936</xmin>
			<ymin>1240</ymin>
			<xmax>3451</xmax>
			<ymax>1716</ymax>
		</bndbox>
	</object>
</annotation>