<annotation>
	<folder>my-project-name</folder>
	<filename>IMG_3590.jpeg</filename>
	<path>/my-project-name/IMG_3590.jpeg</path>
	<source>
		<database>Unspecified</database>
	</source>
	<size>
		<width>4032</width>
		<height>3024</height>
		<depth>3</depth>
	</size>


	<object>
		<name>dead_victim</name>
		<pose>Unspecified</pose>
		<truncated>0</truncated>
		<difficult>0</difficult>
		<bndbox>
			<xmin>369</xmin>
			<ymin>1366</ymin>
			<xmax>1235</xmax>
			<ymax>2176</ymax>
		</bndbox>
	</object>

	<object>
		<name>dead_victim</name>
		<pose>Unspecified</pose>
		<truncated>0</truncated>
		<difficult>0</difficult>
		<bndbox>
			<xmin>1359</xmin>
			<ymin>1255</ymin>
			<xmax>1986</xmax>
			<ymax>1876</ymax>
		</bndbox>
	</object>
	<object>
		<name>alive_victim</name>
		<pose>Unspecified</pose>
		<truncated>0</truncated>
		<difficult>0</difficult>
		<bndbox>
			<xmin>1196</xmin>
			<ymin>1006</ymin>
			<xmax>1658</xmax>
			<ymax>1432</ymax>
		</bndbox>
	</object>
	<object>
		<name>alive_victim</name>
		<pose>Unspecified</pose>
		<truncated>0</truncated>
		<difficult>0</difficult>
		<bndbox>
			<xmin>2161</xmin>
			<ymin>1006</ymin>
			<xmax>2670</xmax>
			<ymax>1521</ymax>
		</bndbox>
	</object>
</annotation>