<annotation>
	<folder>my-project-name</folder>
	<filename>IMG_3680.jpeg</filename>
	<path>/my-project-name/IMG_3680.jpeg</path>
	<source>
		<database>Unspecified</database>
	</source>
	<size>
		<width>4032</width>
		<height>3024</height>
		<depth>3</depth>
	</size>
	<object>
		<name>dead_victim</name>
		<pose>Unspecified</pose>
		<truncated>0</truncated>
		<difficult>0</difficult>
		<bndbox>
			<xmin>1743</xmin>
			<ymin>1446</ymin>
			<xmax>2600</xmax>
			<ymax>2301</ymax>
		</bndbox>
	</object>
	<object>
		<name>dead_victim</name>
		<pose>Unspecified</pose>
		<truncated>0</truncated>
		<difficult>0</difficult>
		<bndbox>
			<xmin>523</xmin>
			<ymin>1382</ymin>
			<xmax>1420</xmax>
			<ymax>2262</ymax>
		</bndbox>
	</object>
	<object>
		<name>alive_victim</name>
		<pose>Unspecified</pose>
		<truncated>0</truncated>
		<difficult>0</difficult>
		<bndbox>
			<xmin>2170</xmin>
			<ymin>1168</ymin>
			<xmax>2987</xmax>
			<ymax>1998</ymax>
		</bndbox>
	</object>
</annotation>