<annotation>
	<folder>my-project-name</folder>
	<filename>IMG_3608.jpeg</filename>
	<path>/my-project-name/IMG_3608.jpeg</path>
	<source>
		<database>Unspecified</database>
	</source>
	<size>
		<width>4032</width>
		<height>3024</height>
		<depth>3</depth>
	</size>




	<object>
		<name>alive_victim</name>
		<pose>Unspecified</pose>
		<truncated>0</truncated>
		<difficult>0</difficult>
		<bndbox>
			<xmin>3519</xmin>
			<ymin>863</ymin>
			<xmax>3993</xmax>
			<ymax>1271</ymax>
		</bndbox>
	</object>

	<object>
		<name>dead_victim</name>
		<pose>Unspecified</pose>
		<truncated>0</truncated>
		<difficult>0</difficult>
		<bndbox>
			<xmin>2436</xmin>
			<ymin>908</ymin>
			<xmax>2596</xmax>
			<ymax>1077</ymax>
		</bndbox>
	</object>
	<object>
		<name>dead_victim</name>
		<pose>Unspecified</pose>
		<truncated>0</truncated>
		<difficult>0</difficult>
		<bndbox>
			<xmin>871</xmin>
			<ymin>1030</ymin>
			<xmax>1199</xmax>
			<ymax>1343</ymax>
		</bndbox>
	</object>
	<object>
		<name>alive_victim</name>
		<pose>Unspecified</pose>
		<truncated>0</truncated>
		<difficult>0</difficult>
		<bndbox>
			<xmin>193</xmin>
			<ymin>876</ymin>
			<xmax>492</xmax>
			<ymax>1139</ymax>
		</bndbox>
	</object>
</annotation>