<annotation>
	<folder>my-project-name</folder>
	<filename>IMG_3625.jpeg</filename>
	<path>/my-project-name/IMG_3625.jpeg</path>
	<source>
		<database>Unspecified</database>
	</source>
	<size>
		<width>4032</width>
		<height>3024</height>
		<depth>3</depth>
	</size>

	<object>
		<name>dead_victim</name>
		<pose>Unspecified</pose>
		<truncated>0</truncated>
		<difficult>0</difficult>
		<bndbox>
			<xmin>817</xmin>
			<ymin>940</ymin>
			<xmax>2142</xmax>
			<ymax>2250</ymax>
		</bndbox>
	</object>
	<object>
		<name>alive_victim</name>
		<pose>Unspecified</pose>
		<truncated>0</truncated>
		<difficult>0</difficult>
		<bndbox>
			<xmin>2154</xmin>
			<ymin>676</ymin>
			<xmax>4032</xmax>
			<ymax>2637</ymax>
		</bndbox>
	</object>
</annotation>