<annotation>
	<folder>my-project-name</folder>
	<filename>IMG_3635.jpeg</filename>
	<path>/my-project-name/IMG_3635.jpeg</path>
	<source>
		<database>Unspecified</database>
	</source>
	<size>
		<width>4032</width>
		<height>3024</height>
		<depth>3</depth>
	</size>
	<object>
		<name>dead_victim</name>
		<pose>Unspecified</pose>
		<truncated>0</truncated>
		<difficult>0</difficult>
		<bndbox>
			<xmin>556</xmin>
			<ymin>1595</ymin>
			<xmax>1392</xmax>
			<ymax>2412</ymax>
		</bndbox>
	</object>
	<object>
		<name>dead_victim</name>
		<pose>Unspecified</pose>
		<truncated>0</truncated>
		<difficult>0</difficult>
		<bndbox>
			<xmin>3165</xmin>
			<ymin>1355</ymin>
			<xmax>4032</xmax>
			<ymax>2164</ymax>
		</bndbox>
	</object>
</annotation>