<annotation>
	<folder>my-project-name</folder>
	<filename>IMG_3601.jpeg</filename>
	<path>/my-project-name/IMG_3601.jpeg</path>
	<source>
		<database>Unspecified</database>
	</source>
	<size>
		<width>4032</width>
		<height>3024</height>
		<depth>3</depth>
	</size>
	<object>
		<name>dead_victim</name>
		<pose>Unspecified</pose>
		<truncated>0</truncated>
		<difficult>0</difficult>
		<bndbox>
			<xmin>1056</xmin>
			<ymin>1217</ymin>
			<xmax>1850</xmax>
			<ymax>2001</ymax>
		</bndbox>
	</object>
	<object>
		<name>alive_victim</name>
		<pose>Unspecified</pose>
		<truncated>0</truncated>
		<difficult>0</difficult>
		<bndbox>
			<xmin>1735</xmin>
			<ymin>956</ymin>
			<xmax>2294</xmax>
			<ymax>1518</ymax>
		</bndbox>
	</object>
	<object>
		<name>alive_victim</name>
		<pose>Unspecified</pose>
		<truncated>0</truncated>
		<difficult>0</difficult>
		<bndbox>
			<xmin>2463</xmin>
			<ymin>929</ymin>
			<xmax>2960</xmax>
			<ymax>1405</ymax>
		</bndbox>
	</object>
</annotation>