<annotation>
	<folder>my-project-name</folder>
	<filename>IMG_3624.jpeg</filename>
	<path>/my-project-name/IMG_3624.jpeg</path>
	<source>
		<database>Unspecified</database>
	</source>
	<size>
		<width>4032</width>
		<height>3024</height>
		<depth>3</depth>
	</size>
	<object>
		<name>dead_victim</name>
		<pose>Unspecified</pose>
		<truncated>0</truncated>
		<difficult>0</difficult>
		<bndbox>
			<xmin>193</xmin>
			<ymin>1105</ymin>
			<xmax>2100</xmax>
			<ymax>2996</ymax>
		</bndbox>
	</object>
	<object>
		<name>alive_victim</name>
		<pose>Unspecified</pose>
		<truncated>0</truncated>
		<difficult>0</difficult>
		<bndbox>
			<xmin>1822</xmin>
			<ymin>532</ymin>
			<xmax>3565</xmax>
			<ymax>2265</ymax>
		</bndbox>
	</object>
</annotation>