<annotation>
	<folder>my-project-name</folder>
	<filename>IMG_3681.jpeg</filename>
	<path>/my-project-name/IMG_3681.jpeg</path>
	<source>
		<database>Unspecified</database>
	</source>
	<size>
		<width>4032</width>
		<height>3024</height>
		<depth>3</depth>
	</size>
	<object>
		<name>alive_victim</name>
		<pose>Unspecified</pose>
		<truncated>0</truncated>
		<difficult>0</difficult>
		<bndbox>
			<xmin>1521</xmin>
			<ymin>639</ymin>
			<xmax>2431</xmax>
			<ymax>1364</ymax>
		</bndbox>
	</object>
	<object>
		<name>dead_victim</name>
		<pose>Unspecified</pose>
		<truncated>0</truncated>
		<difficult>0</difficult>
		<bndbox>
			<xmin>2117</xmin>
			<ymin>999</ymin>
			<xmax>3055</xmax>
			<ymax>1961</ymax>
		</bndbox>
	</object>
	<object>
		<name>dead_victim</name>
		<pose>Unspecified</pose>
		<truncated>0</truncated>
		<difficult>0</difficult>
		<bndbox>
			<xmin>1162</xmin>
			<ymin>1315</ymin>
			<xmax>2603</xmax>
			<ymax>2784</ymax>
		</bndbox>
	</object>
</annotation>