<annotation>
	<folder>my-project-name</folder>
	<filename>IMG_3583.jpeg</filename>
	<path>/my-project-name/IMG_3583.jpeg</path>
	<source>
		<database>Unspecified</database>
	</source>
	<size>
		<width>4032</width>
		<height>3024</height>
		<depth>3</depth>
	</size>
	<object>
		<name>alive_victim</name>
		<pose>Unspecified</pose>
		<truncated>0</truncated>
		<difficult>0</difficult>
		<bndbox>
			<xmin>312</xmin>
			<ymin>1068</ymin>
			<xmax>1427</xmax>
			<ymax>2124</ymax>
		</bndbox>
	</object>
	<object>
		<name>alive_victim</name>
		<pose>Unspecified</pose>
		<truncated>0</truncated>
		<difficult>0</difficult>
		<bndbox>
			<xmin>2430</xmin>
			<ymin>982</ymin>
			<xmax>3013</xmax>
			<ymax>1556</ymax>
		</bndbox>
	</object>
	<object>
		<name>dead_victim</name>
		<pose>Unspecified</pose>
		<truncated>0</truncated>
		<difficult>0</difficult>
		<bndbox>
			<xmin>2022</xmin>
			<ymin>1080</ymin>
			<xmax>2433</xmax>
			<ymax>1518</ymax>
		</bndbox>
	</object>
</annotation>