<annotation>
	<folder>my-project-name</folder>
	<filename>IMG_3598.jpeg</filename>
	<path>/my-project-name/IMG_3598.jpeg</path>
	<source>
		<database>Unspecified</database>
	</source>
	<size>
		<width>4032</width>
		<height>3024</height>
		<depth>3</depth>
	</size>

	<object>
		<name>dead_victim</name>
		<pose>Unspecified</pose>
		<truncated>0</truncated>
		<difficult>0</difficult>
		<bndbox>
			<xmin>722</xmin>
			<ymin>1527</ymin>
			<xmax>2105</xmax>
			<ymax>2954</ymax>
		</bndbox>
	</object>
	<object>
		<name>alive_victim</name>
		<pose>Unspecified</pose>
		<truncated>0</truncated>
		<difficult>0</difficult>
		<bndbox>
			<xmin>170</xmin>
			<ymin>775</ymin>
			<xmax>578</xmax>
			<ymax>1189</ymax>
		</bndbox>
	</object>


	<object>
		<name>dead_victim</name>
		<pose>Unspecified</pose>
		<truncated>0</truncated>
		<difficult>0</difficult>
		<bndbox>
			<xmin>3152</xmin>
			<ymin>1092</ymin>
			<xmax>3812</xmax>
			<ymax>1678</ymax>
		</bndbox>
	</object>
	<object>
		<name>alive_victim</name>
		<pose>Unspecified</pose>
		<truncated>0</truncated>
		<difficult>0</difficult>
		<bndbox>
			<xmin>1182</xmin>
			<ymin>831</ymin>
			<xmax>1649</xmax>
			<ymax>1320</ymax>
		</bndbox>
	</object>
</annotation>