<annotation>
	<folder>my-project-name</folder>
	<filename>IMG_3618.jpeg</filename>
	<path>/my-project-name/IMG_3618.jpeg</path>
	<source>
		<database>Unspecified</database>
	</source>
	<size>
		<width>4032</width>
		<height>3024</height>
		<depth>3</depth>
	</size>


	<object>
		<name>alive_victim</name>
		<pose>Unspecified</pose>
		<truncated>0</truncated>
		<difficult>0</difficult>
		<bndbox>
			<xmin>1182</xmin>
			<ymin>1110</ymin>
			<xmax>2445</xmax>
			<ymax>2379</ymax>
		</bndbox>
	</object>
	<object>
		<name>alive_victim</name>
		<pose>Unspecified</pose>
		<truncated>0</truncated>
		<difficult>0</difficult>
		<bndbox>
			<xmin>2773</xmin>
			<ymin>1012</ymin>
			<xmax>3377</xmax>
			<ymax>1601</ymax>
		</bndbox>
	</object>
	<object>
		<name>dead_victim</name>
		<pose>Unspecified</pose>
		<truncated>0</truncated>
		<difficult>0</difficult>
		<bndbox>
			<xmin>2475</xmin>
			<ymin>1047</ymin>
			<xmax>2773</xmax>
			<ymax>1370</ymax>
		</bndbox>
	</object>
	<object>
		<name>dead_victim</name>
		<pose>Unspecified</pose>
		<truncated>0</truncated>
		<difficult>0</difficult>
		<bndbox>
			<xmin>250</xmin>
			<ymin>1118</ymin>
			<xmax>880</xmax>
			<ymax>1707</ymax>
		</bndbox>
	</object>
</annotation>