<annotation>
	<folder>my-project-name</folder>
	<filename>IMG_3609.jpeg</filename>
	<path>/my-project-name/IMG_3609.jpeg</path>
	<source>
		<database>Unspecified</database>
	</source>
	<size>
		<width>4032</width>
		<height>3024</height>
		<depth>3</depth>
	</size>


	<object>
		<name>alive_victim</name>
		<pose>Unspecified</pose>
		<truncated>0</truncated>
		<difficult>0</difficult>
		<bndbox>
			<xmin>1525</xmin>
			<ymin>1278</ymin>
			<xmax>2821</xmax>
			<ymax>2633</ymax>
		</bndbox>
	</object>
	<object>
		<name>dead_victim</name>
		<pose>Unspecified</pose>
		<truncated>0</truncated>
		<difficult>0</difficult>
		<bndbox>
			<xmin>3433</xmin>
			<ymin>1113</ymin>
			<xmax>3759</xmax>
			<ymax>1403</ymax>
		</bndbox>
	</object>
	<object>
		<name>alive_victim</name>
		<pose>Unspecified</pose>
		<truncated>0</truncated>
		<difficult>0</difficult>
		<bndbox>
			<xmin>1004</xmin>
			<ymin>994</ymin>
			<xmax>1261</xmax>
			<ymax>1237</ymax>
		</bndbox>
	</object>
	<object>
		<name>dead_victim</name>
		<pose>Unspecified</pose>
		<truncated>0</truncated>
		<difficult>0</difficult>
		<bndbox>
			<xmin>110</xmin>
			<ymin>1178</ymin>
			<xmax>501</xmax>
			<ymax>1509</ymax>
		</bndbox>
	</object>
</annotation>