<annotation>
	<folder>my-project-name</folder>
	<filename>IMG_3654.jpeg</filename>
	<path>/my-project-name/IMG_3654.jpeg</path>
	<source>
		<database>Unspecified</database>
	</source>
	<size>
		<width>4032</width>
		<height>3024</height>
		<depth>3</depth>
	</size>
	<object>
		<name>alive_victim</name>
		<pose>Unspecified</pose>
		<truncated>0</truncated>
		<difficult>0</difficult>
		<bndbox>
			<xmin>3</xmin>
			<ymin>698</ymin>
			<xmax>496</xmax>
			<ymax>1241</ymax>
		</bndbox>
	</object>
	<object>
		<name>alive_victim</name>
		<pose>Unspecified</pose>
		<truncated>0</truncated>
		<difficult>0</difficult>
		<bndbox>
			<xmin>2117</xmin>
			<ymin>864</ymin>
			<xmax>2532</xmax>
			<ymax>1291</ymax>
		</bndbox>
	</object>
</annotation>