<annotation>
	<folder>my-project-name</folder>
	<filename>IMG_3644.jpeg</filename>
	<path>/my-project-name/IMG_3644.jpeg</path>
	<source>
		<database>Unspecified</database>
	</source>
	<size>
		<width>4032</width>
		<height>3024</height>
		<depth>3</depth>
	</size>

	<object>
		<name>dead_victim</name>
		<pose>Unspecified</pose>
		<truncated>0</truncated>
		<difficult>0</difficult>
		<bndbox>
			<xmin>3201</xmin>
			<ymin>1756</ymin>
			<xmax>4033</xmax>
			<ymax>2909</ymax>
		</bndbox>
	</object>
	<object>
		<name>alive_victim</name>
		<pose>Unspecified</pose>
		<truncated>0</truncated>
		<difficult>0</difficult>
		<bndbox>
			<xmin>658</xmin>
			<ymin>1017</ymin>
			<xmax>1097</xmax>
			<ymax>1404</ymax>
		</bndbox>
	</object>
</annotation>