<annotation>
	<folder>my-project-name</folder>
	<filename>IMG_3596.jpeg</filename>
	<path>/my-project-name/IMG_3596.jpeg</path>
	<source>
		<database>Unspecified</database>
	</source>
	<size>
		<width>4032</width>
		<height>3024</height>
		<depth>3</depth>
	</size>
	<object>
		<name>alive_victim</name>
		<pose>Unspecified</pose>
		<truncated>0</truncated>
		<difficult>0</difficult>
		<bndbox>
			<xmin>1001</xmin>
			<ymin>740</ymin>
			<xmax>2667</xmax>
			<ymax>2412</ymax>
		</bndbox>
	</object>
	<object>
		<name>alive_victim</name>
		<pose>Unspecified</pose>
		<truncated>0</truncated>
		<difficult>0</difficult>
		<bndbox>
			<xmin>2111</xmin>
			<ymin>565</ymin>
			<xmax>2673</xmax>
			<ymax>1136</ymax>
		</bndbox>
	</object>
	<object>
		<name>dead_victim</name>
		<pose>Unspecified</pose>
		<truncated>0</truncated>
		<difficult>0</difficult>
		<bndbox>
			<xmin>2688</xmin>
			<ymin>589</ymin>
			<xmax>2930</xmax>
			<ymax>843</ymax>
		</bndbox>
	</object>
</annotation>