<annotation>
	<folder>my-project-name</folder>
	<filename>IMG_3639.jpeg</filename>
	<path>/my-project-name/IMG_3639.jpeg</path>
	<source>
		<database>Unspecified</database>
	</source>
	<size>
		<width>4032</width>
		<height>3024</height>
		<depth>3</depth>
	</size>




	<object>
		<name>alive_victim</name>
		<pose>Unspecified</pose>
		<truncated>0</truncated>
		<difficult>0</difficult>
		<bndbox>
			<xmin>2949</xmin>
			<ymin>1186</ymin>
			<xmax>3620</xmax>
			<ymax>1805</ymax>
		</bndbox>
	</object>
	<object>
		<name>dead_victim</name>
		<pose>Unspecified</pose>
		<truncated>0</truncated>
		<difficult>0</difficult>
		<bndbox>
			<xmin>2050</xmin>
			<ymin>1149</ymin>
			<xmax>2354</xmax>
			<ymax>1444</ymax>
		</bndbox>
	</object>
</annotation>