<annotation>
	<folder>my-project-name</folder>
	<filename>IMG_3617.jpeg</filename>
	<path>/my-project-name/IMG_3617.jpeg</path>
	<source>
		<database>Unspecified</database>
	</source>
	<size>
		<width>4032</width>
		<height>3024</height>
		<depth>3</depth>
	</size>
	<object>
		<name>dead_victim</name>
		<pose>Unspecified</pose>
		<truncated>0</truncated>
		<difficult>0</difficult>
		<bndbox>
			<xmin>8</xmin>
			<ymin>1171</ymin>
			<xmax>974</xmax>
			<ymax>2100</ymax>
		</bndbox>
	</object>
	<object>
		<name>dead_victim</name>
		<pose>Unspecified</pose>
		<truncated>0</truncated>
		<difficult>0</difficult>
		<bndbox>
			<xmin>3285</xmin>
			<ymin>914</ymin>
			<xmax>3803</xmax>
			<ymax>1379</ymax>
		</bndbox>
	</object>
	<object>
		<name>alive_victim</name>
		<pose>Unspecified</pose>
		<truncated>0</truncated>
		<difficult>0</difficult>
		<bndbox>
			<xmin>2330</xmin>
			<ymin>757</ymin>
			<xmax>2741</xmax>
			<ymax>1169</ymax>
		</bndbox>
	</object>
	<object>
		<name>alive_victim</name>
		<pose>Unspecified</pose>
		<truncated>0</truncated>
		<difficult>0</difficult>
		<bndbox>
			<xmin>957</xmin>
			<ymin>852</ymin>
			<xmax>1572</xmax>
			<ymax>1456</ymax>
		</bndbox>
	</object>
</annotation>