<annotation>
	<folder>my-project-name</folder>
	<filename>IMG_3656.jpeg</filename>
	<path>/my-project-name/IMG_3656.jpeg</path>
	<source>
		<database>Unspecified</database>
	</source>
	<size>
		<width>4032</width>
		<height>3024</height>
		<depth>3</depth>
	</size>
	<object>
		<name>dead_victim</name>
		<pose>Unspecified</pose>
		<truncated>0</truncated>
		<difficult>0</difficult>
		<bndbox>
			<xmin>1678</xmin>
			<ymin>1653</ymin>
			<xmax>2672</xmax>
			<ymax>2652</ymax>
		</bndbox>
	</object>
	<object>
		<name>dead_victim</name>
		<pose>Unspecified</pose>
		<truncated>0</truncated>
		<difficult>0</difficult>
		<bndbox>
			<xmin>1011</xmin>
			<ymin>1023</ymin>
			<xmax>1186</xmax>
			<ymax>1186</ymax>
		</bndbox>
	</object>
	<object>
		<name>alive_victim</name>
		<pose>Unspecified</pose>
		<truncated>0</truncated>
		<difficult>0</difficult>
		<bndbox>
			<xmin>1318</xmin>
			<ymin>1042</ymin>
			<xmax>1592</xmax>
			<ymax>1318</ymax>
		</bndbox>
	</object>
	<object>
		<name>alive_victim</name>
		<pose>Unspecified</pose>
		<truncated>0</truncated>
		<difficult>0</difficult>
		<bndbox>
			<xmin>22</xmin>
			<ymin>950</ymin>
			<xmax>464</xmax>
			<ymax>1361</ymax>
		</bndbox>
	</object>
</annotation>