<annotation>
	<folder>my-project-name</folder>
	<filename>IMG_3629.jpeg</filename>
	<path>/my-project-name/IMG_3629.jpeg</path>
	<source>
		<database>Unspecified</database>
	</source>
	<size>
		<width>4032</width>
		<height>3024</height>
		<depth>3</depth>
	</size>
	<object>
		<name>alive_victim</name>
		<pose>Unspecified</pose>
		<truncated>0</truncated>
		<difficult>0</difficult>
		<bndbox>
			<xmin>2701</xmin>
			<ymin>1008</ymin>
			<xmax>3334</xmax>
			<ymax>1610</ymax>
		</bndbox>
	</object>
	<object>
		<name>dead_victim</name>
		<pose>Unspecified</pose>
		<truncated>0</truncated>
		<difficult>0</difficult>
		<bndbox>
			<xmin>1764</xmin>
			<ymin>1122</ymin>
			<xmax>2182</xmax>
			<ymax>1534</ymax>
		</bndbox>
	</object>
	<object>
		<name>dead_victim</name>
		<pose>Unspecified</pose>
		<truncated>0</truncated>
		<difficult>0</difficult>
		<bndbox>
			<xmin>1494</xmin>
			<ymin>1033</ymin>
			<xmax>1786</xmax>
			<ymax>1325</ymax>
		</bndbox>
	</object>
</annotation>