<annotation>
	<folder>my-project-name</folder>
	<filename>IMG_3611.jpeg</filename>
	<path>/my-project-name/IMG_3611.jpeg</path>
	<source>
		<database>Unspecified</database>
	</source>
	<size>
		<width>4032</width>
		<height>3024</height>
		<depth>3</depth>
	</size>
	<object>
		<name>dead_victim</name>
		<pose>Unspecified</pose>
		<truncated>0</truncated>
		<difficult>0</difficult>
		<bndbox>
			<xmin>0</xmin>
			<ymin>2000</ymin>
			<xmax>1961</xmax>
			<ymax>3024</ymax>
		</bndbox>
	</object>
	<object>
		<name>alive_victim</name>
		<pose>Unspecified</pose>
		<truncated>0</truncated>
		<difficult>0</difficult>
		<bndbox>
			<xmin>1294</xmin>
			<ymin>929</ymin>
			<xmax>1779</xmax>
			<ymax>1423</ymax>
		</bndbox>
	</object>
</annotation>