<annotation>
	<folder>my-project-name</folder>
	<filename>IMG_3599.jpeg</filename>
	<path>/my-project-name/IMG_3599.jpeg</path>
	<source>
		<database>Unspecified</database>
	</source>
	<size>
		<width>4032</width>
		<height>3024</height>
		<depth>3</depth>
	</size>
	<object>
		<name>dead_victim</name>
		<pose>Unspecified</pose>
		<truncated>0</truncated>
		<difficult>0</difficult>
		<bndbox>
			<xmin>1001</xmin>
			<ymin>1224</ymin>
			<xmax>1800</xmax>
			<ymax>2036</ymax>
		</bndbox>
	</object>


	<object>
		<name>alive_victim</name>
		<pose>Unspecified</pose>
		<truncated>0</truncated>
		<difficult>0</difficult>
		<bndbox>
			<xmin>2498</xmin>
			<ymin>985</ymin>
			<xmax>2972</xmax>
			<ymax>1435</ymax>
		</bndbox>
	</object>
	<object>
		<name>alive_victim</name>
		<pose>Unspecified</pose>
		<truncated>0</truncated>
		<difficult>0</difficult>
		<bndbox>
			<xmin>2759</xmin>
			<ymin>932</ymin>
			<xmax>3016</xmax>
			<ymax>1163</ymax>
		</bndbox>
	</object>
	<object>
		<name>dead_victim</name>
		<pose>Unspecified</pose>
		<truncated>0</truncated>
		<difficult>0</difficult>
		<bndbox>
			<xmin>4</xmin>
			<ymin>1092</ymin>
			<xmax>131</xmax>
			<ymax>1539</ymax>
		</bndbox>
	</object>
</annotation>