<annotation>
	<folder>my-project-name</folder>
	<filename>IMG_3672.jpeg</filename>
	<path>/my-project-name/IMG_3672.jpeg</path>
	<source>
		<database>Unspecified</database>
	</source>
	<size>
		<width>4032</width>
		<height>3024</height>
		<depth>3</depth>
	</size>


	<object>
		<name>alive_victim</name>
		<pose>Unspecified</pose>
		<truncated>0</truncated>
		<difficult>0</difficult>
		<bndbox>
			<xmin>2059</xmin>
			<ymin>1309</ymin>
			<xmax>2523</xmax>
			<ymax>1792</ymax>
		</bndbox>
	</object>
	<object>
		<name>alive_victim</name>
		<pose>Unspecified</pose>
		<truncated>0</truncated>
		<difficult>0</difficult>
		<bndbox>
			<xmin>3039</xmin>
			<ymin>1429</ymin>
			<xmax>3829</xmax>
			<ymax>2154</ymax>
		</bndbox>
	</object>
	<object>
		<name>dead_victim</name>
		<pose>Unspecified</pose>
		<truncated>0</truncated>
		<difficult>0</difficult>
		<bndbox>
			<xmin>2852</xmin>
			<ymin>1343</ymin>
			<xmax>3113</xmax>
			<ymax>1592</ymax>
		</bndbox>
	</object>
</annotation>