<annotation>
	<folder>my-project-name</folder>
	<filename>IMG_3615.jpeg</filename>
	<path>/my-project-name/IMG_3615.jpeg</path>
	<source>
		<database>Unspecified</database>
	</source>
	<size>
		<width>4032</width>
		<height>3024</height>
		<depth>3</depth>
	</size>
	<object>
		<name>alive_victim</name>
		<pose>Unspecified</pose>
		<truncated>0</truncated>
		<difficult>0</difficult>
		<bndbox>
			<xmin>2</xmin>
			<ymin>1062</ymin>
			<xmax>437</xmax>
			<ymax>1753</ymax>
		</bndbox>
	</object>
	<object>
		<name>dead_victim</name>
		<pose>Unspecified</pose>
		<truncated>0</truncated>
		<difficult>0</difficult>
		<bndbox>
			<xmin>1665</xmin>
			<ymin>1494</ymin>
			<xmax>2808</xmax>
			<ymax>2667</ymax>
		</bndbox>
	</object>
	<object>
		<name>alive_victim</name>
		<pose>Unspecified</pose>
		<truncated>0</truncated>
		<difficult>0</difficult>
		<bndbox>
			<xmin>2149</xmin>
			<ymin>1021</ymin>
			<xmax>2830</xmax>
			<ymax>1675</ymax>
		</bndbox>
	</object>
</annotation>