<annotation>
	<folder>my-project-name</folder>
	<filename>IMG_3631.jpeg</filename>
	<path>/my-project-name/IMG_3631.jpeg</path>
	<source>
		<database>Unspecified</database>
	</source>
	<size>
		<width>4032</width>
		<height>3024</height>
		<depth>3</depth>
	</size>
	<object>
		<name>alive_victim</name>
		<pose>Unspecified</pose>
		<truncated>0</truncated>
		<difficult>0</difficult>
		<bndbox>
			<xmin>1503</xmin>
			<ymin>1501</ymin>
			<xmax>2351</xmax>
			<ymax>2368</ymax>
		</bndbox>
	</object>
	<object>
		<name>alive_victim</name>
		<pose>Unspecified</pose>
		<truncated>0</truncated>
		<difficult>0</difficult>
		<bndbox>
			<xmin>2978</xmin>
			<ymin>753</ymin>
			<xmax>3304</xmax>
			<ymax>1060</ymax>
		</bndbox>
	</object>
	<object>
		<name>dead_victim</name>
		<pose>Unspecified</pose>
		<truncated>0</truncated>
		<difficult>0</difficult>
		<bndbox>
			<xmin>2794</xmin>
			<ymin>913</ymin>
			<xmax>3076</xmax>
			<ymax>1195</ymax>
		</bndbox>
	</object>
	<object>
		<name>dead_victim</name>
		<pose>Unspecified</pose>
		<truncated>0</truncated>
		<difficult>0</difficult>
		<bndbox>
			<xmin>1927</xmin>
			<ymin>1054</ymin>
			<xmax>2210</xmax>
			<ymax>1340</ymax>
		</bndbox>
	</object>
</annotation>