<annotation>
	<folder>my-project-name</folder>
	<filename>IMG_3669.jpeg</filename>
	<path>/my-project-name/IMG_3669.jpeg</path>
	<source>
		<database>Unspecified</database>
	</source>
	<size>
		<width>3024</width>
		<height>4032</height>
		<depth>3</depth>
	</size>
	<object>
		<name>alive_victim</name>
		<pose>Unspecified</pose>
		<truncated>0</truncated>
		<difficult>0</difficult>
		<bndbox>
			<xmin>1393</xmin>
			<ymin>951</ymin>
			<xmax>1774</xmax>
			<ymax>1340</ymax>
		</bndbox>
	</object>
	<object>
		<name>alive_victim</name>
		<pose>Unspecified</pose>
		<truncated>0</truncated>
		<difficult>0</difficult>
		<bndbox>
			<xmin>1156</xmin>
			<ymin>1598</ymin>
			<xmax>1692</xmax>
			<ymax>2135</ymax>
		</bndbox>
	</object>
	<object>
		<name>dead_victim</name>
		<pose>Unspecified</pose>
		<truncated>0</truncated>
		<difficult>0</difficult>
		<bndbox>
			<xmin>1467</xmin>
			<ymin>529</ymin>
			<xmax>1746</xmax>
			<ymax>795</ymax>
		</bndbox>
	</object>
</annotation>