<annotation>
	<folder>my-project-name</folder>
	<filename>IMG_3630.jpeg</filename>
	<path>/my-project-name/IMG_3630.jpeg</path>
	<source>
		<database>Unspecified</database>
	</source>
	<size>
		<width>4032</width>
		<height>3024</height>
		<depth>3</depth>
	</size>

	<object>
		<name>dead_victim</name>
		<pose>Unspecified</pose>
		<truncated>0</truncated>
		<difficult>0</difficult>
		<bndbox>
			<xmin>1278</xmin>
			<ymin>1131</ymin>
			<xmax>1623</xmax>
			<ymax>1469</ymax>
		</bndbox>
	</object>
	<object>
		<name>dead_victim</name>
		<pose>Unspecified</pose>
		<truncated>0</truncated>
		<difficult>0</difficult>
		<bndbox>
			<xmin>2274</xmin>
			<ymin>1134</ymin>
			<xmax>2674</xmax>
			<ymax>1524</ymax>
		</bndbox>
	</object>
	<object>
		<name>alive_victim</name>
		<pose>Unspecified</pose>
		<truncated>0</truncated>
		<difficult>0</difficult>
		<bndbox>
			<xmin>3021</xmin>
			<ymin>925</ymin>
			<xmax>3516</xmax>
			<ymax>1389</ymax>
		</bndbox>
	</object>
</annotation>