<annotation>
	<folder>my-project-name</folder>
	<filename>IMG_3678.jpeg</filename>
	<path>/my-project-name/IMG_3678.jpeg</path>
	<source>
		<database>Unspecified</database>
	</source>
	<size>
		<width>4032</width>
		<height>3024</height>
		<depth>3</depth>
	</size>
	<object>
		<name>dead_victim</name>
		<pose>Unspecified</pose>
		<truncated>0</truncated>
		<difficult>0</difficult>
		<bndbox>
			<xmin>1444</xmin>
			<ymin>1427</ymin>
			<xmax>2367</xmax>
			<ymax>2406</ymax>
		</bndbox>
	</object>
	<object>
		<name>dead_victim</name>
		<pose>Unspecified</pose>
		<truncated>0</truncated>
		<difficult>0</difficult>
		<bndbox>
			<xmin>2511</xmin>
			<ymin>1235</ymin>
			<xmax>3307</xmax>
			<ymax>2013</ymax>
		</bndbox>
	</object>
	<object>
		<name>alive_victim</name>
		<pose>Unspecified</pose>
		<truncated>0</truncated>
		<difficult>0</difficult>
		<bndbox>
			<xmin>3294</xmin>
			<ymin>774</ymin>
			<xmax>3546</xmax>
			<ymax>1008</ymax>
		</bndbox>
	</object>
</annotation>