<annotation>
	<folder>my-project-name</folder>
	<filename>IMG_3626.jpeg</filename>
	<path>/my-project-name/IMG_3626.jpeg</path>
	<source>
		<database>Unspecified</database>
	</source>
	<size>
		<width>4032</width>
		<height>3024</height>
		<depth>3</depth>
	</size>

	<object>
		<name>dead_victim</name>
		<pose>Unspecified</pose>
		<truncated>0</truncated>
		<difficult>0</difficult>
		<bndbox>
			<xmin>595</xmin>
			<ymin>1045</ymin>
			<xmax>1910</xmax>
			<ymax>2359</ymax>
		</bndbox>
	</object>
	<object>
		<name>alive_victim</name>
		<pose>Unspecified</pose>
		<truncated>0</truncated>
		<difficult>0</difficult>
		<bndbox>
			<xmin>1905</xmin>
			<ymin>790</ymin>
			<xmax>3872</xmax>
			<ymax>2717</ymax>
		</bndbox>
	</object>
</annotation>