<annotation>
	<folder>my-project-name</folder>
	<filename>IMG_3649.jpeg</filename>
	<path>/my-project-name/IMG_3649.jpeg</path>
	<source>
		<database>Unspecified</database>
	</source>
	<size>
		<width>4032</width>
		<height>3024</height>
		<depth>3</depth>
	</size>

	<object>
		<name>dead_victim</name>
		<pose>Unspecified</pose>
		<truncated>0</truncated>
		<difficult>0</difficult>
		<bndbox>
			<xmin>1622</xmin>
			<ymin>1936</ymin>
			<xmax>3077</xmax>
			<ymax>3017</ymax>
		</bndbox>
	</object>
	<object>
		<name>alive_victim</name>
		<pose>Unspecified</pose>
		<truncated>0</truncated>
		<difficult>0</difficult>
		<bndbox>
			<xmin>2578</xmin>
			<ymin>1321</ymin>
			<xmax>3085</xmax>
			<ymax>1813</ymax>
		</bndbox>
	</object>
</annotation>