<annotation>
	<folder>my-project-name</folder>
	<filename>IMG_3614.jpeg</filename>
	<path>/my-project-name/IMG_3614.jpeg</path>
	<source>
		<database>Unspecified</database>
	</source>
	<size>
		<width>4032</width>
		<height>3024</height>
		<depth>3</depth>
	</size>
	<object>
		<name>dead_victim</name>
		<pose>Unspecified</pose>
		<truncated>0</truncated>
		<difficult>0</difficult>
		<bndbox>
			<xmin>395</xmin>
			<ymin>1352</ymin>
			<xmax>700</xmax>
			<ymax>1654</ymax>
		</bndbox>
	</object>
	<object>
		<name>dead_victim</name>
		<pose>Unspecified</pose>
		<truncated>0</truncated>
		<difficult>0</difficult>
		<bndbox>
			<xmin>2771</xmin>
			<ymin>671</ymin>
			<xmax>3976</xmax>
			<ymax>1805</ymax>
		</bndbox>
	</object>
</annotation>