<annotation>
	<folder>my-project-name</folder>
	<filename>IMG_3584.jpeg</filename>
	<path>/my-project-name/IMG_3584.jpeg</path>
	<source>
		<database>Unspecified</database>
	</source>
	<size>
		<width>4032</width>
		<height>3024</height>
		<depth>3</depth>
	</size>
	<object>
		<name>dead_victim</name>
		<pose>Unspecified</pose>
		<truncated>0</truncated>
		<difficult>0</difficult>
		<bndbox>
			<xmin>1045</xmin>
			<ymin>1192</ymin>
			<xmax>1750</xmax>
			<ymax>2130</ymax>
		</bndbox>
	</object>
	<object>
		<name>alive_victim</name>
		<pose>Unspecified</pose>
		<truncated>0</truncated>
		<difficult>0</difficult>
		<bndbox>
			<xmin>1566</xmin>
			<ymin>1018</ymin>
			<xmax>3114</xmax>
			<ymax>2604</ymax>
		</bndbox>
	</object>
	<object>
		<name>dead_victim</name>
		<pose>Unspecified</pose>
		<truncated>0</truncated>
		<difficult>0</difficult>
		<bndbox>
			<xmin>3294</xmin>
			<ymin>968</ymin>
			<xmax>3827</xmax>
			<ymax>1468</ymax>
		</bndbox>
	</object>
</annotation>