<annotation>
	<folder>my-project-name</folder>
	<filename>IMG_3607.jpeg</filename>
	<path>/my-project-name/IMG_3607.jpeg</path>
	<source>
		<database>Unspecified</database>
	</source>
	<size>
		<width>4032</width>
		<height>3024</height>
		<depth>3</depth>
	</size>


	<object>
		<name>alive_victim</name>
		<pose>Unspecified</pose>
		<truncated>0</truncated>
		<difficult>0</difficult>
		<bndbox>
			<xmin>241</xmin>
			<ymin>988</ymin>
			<xmax>1090</xmax>
			<ymax>1752</ymax>
		</bndbox>
	</object>
	<object>
		<name>alive_victim</name>
		<pose>Unspecified</pose>
		<truncated>0</truncated>
		<difficult>0</difficult>
		<bndbox>
			<xmin>3025</xmin>
			<ymin>766</ymin>
			<xmax>3271</xmax>
			<ymax>1009</ymax>
		</bndbox>
	</object>
	<object>
		<name>dead_victim</name>
		<pose>Unspecified</pose>
		<truncated>0</truncated>
		<difficult>0</difficult>
		<bndbox>
			<xmin>3188</xmin>
			<ymin>1042</ymin>
			<xmax>3578</xmax>
			<ymax>1403</ymax>
		</bndbox>
	</object>
	<object>
		<name>dead_victim</name>
		<pose>Unspecified</pose>
		<truncated>0</truncated>
		<difficult>0</difficult>
		<bndbox>
			<xmin>1241</xmin>
			<ymin>823</ymin>
			<xmax>1436</xmax>
			<ymax>1021</ymax>
		</bndbox>
	</object>
</annotation>